,0,1,2,3,4,5,6,7,8,9,10,11,12,13,14,15,16,17,18,19,20,21,22,23,24,25,26,27,28,29,30,31,32,33,34,35,36,37,38,39,40,41,42,43,44,45,46,47,48,49,50,51,52,53,54,55,56,57,58,59,60,61,62,63,64,65,66,67,68,69,70,71,72,73,74,75,76,77,78,79,80,81,82,83,84,85,86,87,88,89,90,91,92,93,94,95,96,97,98,99
mean_fit_time,2.7327881813049317,1.4620110511779785,0.07180719375610352,0.05036792755126953,0.010554313659667969,0.06269102096557617,0.05289793014526367,0.0667348861694336,0.012910699844360352,0.06432223320007324,0.062190008163452146,0.09501504898071289,0.02391195297241211,0.06249957084655762,0.06065177917480469,0.06427736282348633,0.3662856101989746,0.011911916732788085,0.2637413501739502,0.058071470260620116,0.0744433879852295,0.013359975814819337,0.05732197761535644,0.0563718318939209,0.07218303680419921,0.060215091705322264,0.04974508285522461,0.07390308380126953,0.310761833190918,0.23218002319335937,0.05770363807678223,0.06072282791137695,0.09670977592468262,0.013815784454345703,0.0272491455078125,0.07527403831481934,0.3137995719909668,0.0724578857421875,0.12997307777404785,0.0671875,0.06166973114013672,0.09484696388244629,0.05549163818359375,0.06438665390014649,0.01173086166381836,0.0951986312866211,0.06732006072998047,0.012576627731323241,0.04373173713684082,0.06350417137145996,0.0700566291809082,0.06326990127563477,0.06147079467773438,0.03727269172668457,0.013442373275756836,0.08712124824523926,0.02733268737792969,0.0700314998626709,0.059626007080078126,0.013588857650756837,0.10052504539489746,0.4036226749420166,0.07004437446594239,0.07405829429626465,0.012518548965454101,0.2991034030914307,0.06919994354248046,0.07418408393859863,0.012596702575683594,0.014680051803588867,0.010785102844238281,0.07060003280639648,0.05057511329650879,0.06400189399719239,0.6196476936340332,0.05325140953063965,0.07598366737365722,0.05233898162841797,0.34479460716247556,0.0439298152923584,0.009807968139648437,0.012203359603881836,0.022501707077026367,0.3915926456451416,0.04723358154296875,0.06422715187072754,0.05963177680969238,0.012292432785034179,0.012507820129394531,0.0617213249206543,0.05373716354370117,0.05325055122375488,0.015076875686645508,0.015818214416503905,0.05238528251647949,0.05656251907348633,0.3683583736419678,0.07577672004699706,0.06533331871032715,0.19368305206298828
std_fit_time,0.0680072986112754,1.1864734473451162,0.014338118406968471,0.009759457627937663,0.001596998276946676,0.012079274891887478,0.014460148400806913,0.01815662105223225,0.001173141864649628,0.015651082712242432,0.004107043011276375,0.018273030809727638,0.02134006557572391,0.01872395471676607,0.013496511953437493,0.008608371823788456,0.02866573024348601,0.001877988980500533,0.014241216059132561,0.017280825610006136,0.025876186312329973,0.002264174989128015,0.013651276044499666,0.005765830451682326,0.014888573385442246,0.003509191397117513,0.004864128983047947,0.011121778185755568,0.005860706714839927,0.014728160770274404,0.007071731730620671,0.011993217275263965,0.02038287812611643,0.0022534363772997385,0.02328097892591927,0.01280006122164319,0.011448052046327834,0.01768824359098254,0.024524941518839893,0.01857346422554187,0.01246499651223727,0.03964820854612837,0.007298702759395555,0.017706609224527985,0.0020105416210804464,0.047405525710190695,0.016418949351725665,0.003565717700526245,0.02593909390788345,0.004538416458620943,0.007981514653505781,0.0018126473795849877,0.0172934111899597,0.023195846766472523,0.0031300387911384654,0.013843356944293351,0.02575451054719699,0.005797141769746539,0.019988709937606267,0.0008127641649741212,0.046056591782064164,0.030674554014894082,0.02219603454558588,0.029192870189156013,0.0010284495371136726,0.02413197504186943,0.01985096695051973,0.01595893940886638,0.0030314133397950937,0.0007803702051373657,0.0010121874034809155,0.005049309537147927,0.007852411426069149,0.006798329606232503,0.49573415711096275,0.004642874053874083,0.016873086563574134,0.009662179173819752,0.027546667862240328,0.026231290419449996,0.0007513832175624524,0.002741815378769045,0.015697221895097927,0.03553521143882628,0.0017406026111879498,0.006243486109588185,0.014063329864771714,0.00024641860171877955,0.002148829757367751,0.009622262229211854,0.00124992300220815,0.009321658808455206,0.0026441694724545182,0.0015688811918707988,0.019407617333577005,0.007742784039406414,0.011466911985168143,0.03329345357212232,0.006431628347036123,0.09057507506339403
mean_score_time,0.0007251262664794922,0.0004008769989013672,0.0006552696228027344,0.0005769729614257812,0.00031185150146484375,0.0006103992462158203,0.0006237030029296875,0.0007248878479003906,0.0003723621368408203,0.0006328105926513671,0.0006435871124267578,0.0006969451904296875,0.0003998279571533203,0.0006988048553466797,0.000643157958984375,0.000592184066772461,0.000713348388671875,0.0003310203552246094,0.0007061958312988281,0.0007048606872558594,0.0006265640258789062,0.0003587245941162109,0.0006870269775390625,0.0006366252899169921,0.0006911277770996094,0.0006907463073730468,0.0006423473358154296,0.0006247520446777344,0.0006272792816162109,0.0006649971008300781,0.0006413459777832031,0.0006319999694824219,0.0006862640380859375,0.0003211498260498047,0.00038418769836425783,0.0006909370422363281,0.0006710052490234375,0.0006534099578857422,0.0007669448852539063,0.0006817340850830078,0.0005783557891845704,0.0006064414978027344,0.0005922794342041015,0.0006618499755859375,0.0003386497497558594,0.0005852222442626953,0.0006870269775390625,0.00030918121337890624,0.0005632877349853515,0.0007091045379638671,0.0007410049438476562,0.000660562515258789,0.0006424903869628907,0.00046267509460449217,0.0004294872283935547,0.0006348133087158203,0.00041208267211914065,0.0007071018218994141,0.0006161212921142578,0.0003282070159912109,0.0006323814392089844,0.0006277561187744141,0.0007688522338867188,0.0007441043853759766,0.00032253265380859374,0.0006677150726318359,0.0006016731262207031,0.0006802558898925781,0.00032887458801269533,0.0003384590148925781,0.000323486328125,0.0005872249603271484,0.0007709026336669922,0.0006520271301269532,0.0005343437194824218,0.0005809783935546875,0.0006133556365966797,0.000585174560546875,0.0006714820861816406,0.00048542022705078125,0.0003459930419921875,0.0003176689147949219,0.0004433631896972656,0.0006642341613769531,0.0006142616271972656,0.0006412029266357422,0.0005886077880859375,0.0003016948699951172,0.00031414031982421873,0.0006770610809326172,0.0005795478820800782,0.0006512641906738281,0.00039491653442382815,0.00034399032592773436,0.0005234241485595703,0.0006274700164794922,0.0007050037384033203,0.0006911277770996094,0.0006588935852050781,0.0003079891204833984
std_score_time,5.165724632055312e-05,8.720967068961661e-05,0.00012841275133953811,3.488284623567866e-05,2.3235722333079178e-05,2.5484882999202994e-05,4.59961285098718e-05,0.0002179107519602138,3.557358602943861e-05,6.518686603298972e-05,7.504053488845197e-05,5.5430017444015555e-05,0.00019001832121601537,6.90174636482179e-05,6.275811061885302e-05,6.225919451615644e-05,3.227169631426554e-05,3.33679045840602e-05,5.831895842704115e-05,5.739158631390384e-05,3.3227031442519174e-05,3.149457991740932e-05,6.0869827467068e-05,6.570089324938132e-05,3.8287203056596854e-05,7.332995862771051e-05,3.714540038334737e-05,6.769267361388178e-05,7.82722058593138e-05,6.566956608841784e-05,5.931957740739489e-05,4.1276143776316545e-05,7.765679251745295e-05,1.700644922268582e-05,0.00012232993129940377,4.415651117364627e-05,6.167969281053204e-05,8.807643130669259e-05,5.742679586722261e-05,6.787766479039268e-05,3.404610631172191e-05,6.68733472003092e-05,6.341941374581091e-05,9.393437861378529e-05,1.5890629597351886e-05,8.793937346125462e-05,9.964671356227238e-05,1.6141061063941027e-05,0.00021148174694034943,2.335791577116959e-05,8.145852592083244e-05,2.752866443010403e-05,7.279921477356776e-05,0.00015514104874575922,0.00018161290778695102,3.824448044416613e-05,0.0001282291810823036,4.9079586516112976e-05,0.0001458539098475812,1.8133359161473214e-05,6.495593314534758e-05,4.181184898743325e-05,2.6279049107667538e-05,5.921695510709498e-05,1.9592379483622763e-05,0.00010413282922906021,2.3169379637237877e-05,4.4044733583722915e-05,8.8947706045309e-06,1.304966620109354e-05,1.3343263574518359e-05,3.4006212863303054e-05,0.00012212493166282288,7.185579998613209e-05,0.00017903920289170233,3.148512101206569e-05,4.269559547756661e-05,4.7764376129944674e-05,5.6729314907805336e-05,0.00014536339903829259,2.271787541712618e-05,1.1608414296887664e-05,0.00021923215695314715,8.485303497196155e-05,1.1145756202033322e-05,8.332456125847492e-05,1.6580225226391987e-05,1.7817127453852454e-05,3.689364004440802e-05,7.986608181361247e-05,1.6050653233566527e-05,5.791198574194934e-05,4.285293916139529e-05,1.771140360300393e-05,0.00010788925170558545,7.117845227694023e-05,3.689838521109737e-05,9.670128247752555e-05,2.8529291106459695e-05,1.7810617888155108e-05
param_lambd,0.06744142880191764,6.820304610282642e-06,3.691112355585648e-10,7.466755475326415e-08,4.095977201171908e-10,6.191832679708118e-10,1.6860774438140667e-09,1.831006992809021e-09,5.449324741070693e-05,1.425652653940952e-06,5.47897399260698e-08,1.190636532404028e-06,3.8283900696046246e-07,1.4067991488813715e-07,0.0007444730319858687,9.717664044917822e-05,0.017070473871111536,6.015665413792043e-07,0.0753733762767629,7.153617906973024e-08,5.457746877881215e-07,6.399632076201906e-09,2.2930834566764687e-06,8.820183032817639e-09,0.00013769790540332953,0.00022180280619233942,4.067002866847691e-06,2.873125417520549e-09,0.050538880663390136,0.013612155532378082,7.723660523814535e-08,5.6130957488634995e-05,8.155628924823493e-09,0.0008575593307149977,3.821755290369136e-06,0.00017352517801020733,0.058451216362974734,4.332011498882781e-08,0.00011367014328293353,1.249347130180642e-07,2.458760789783302e-07,1.7655112408030807e-09,0.00010892041119939771,4.66106987003282e-10,0.012649157277618587,1.7637697863854557e-08,5.637859095254741e-07,0.07546923548046316,5.407176796396551e-07,0.006783105916099534,1.0958441843843233e-10,6.52634017373234e-10,1.2520649364855182e-09,2.2163779101678463e-10,8.279311868640194e-05,0.0002796660344287765,1.0385578126609038e-06,1.7014255506817413e-10,4.596327552312108e-07,0.002597431318946716,5.78696197252695e-07,0.02517286203050643,1.2659707645702341e-10,1.723198978791397e-08,2.2567740761989494e-05,0.06286413304745508,2.741260834650801e-10,1.597171259583784e-08,1.9269148725010877e-07,0.001872300228964002,3.6408979791908002e-06,1.9072353329779805e-07,2.380044779857308e-10,3.074258016079217e-07,0.014386066180482536,2.382333521402063e-06,7.882837066509961e-09,6.415287174164856e-07,0.04176441471337639,5.170203294632547e-06,1.0254761759381046e-10,1.2442777529707487e-05,0.00412111403608371,0.029223668610573524,3.1401460599412234e-09,0.0008393175605695857,1.7784164998966916e-08,3.5758971531368765e-10,3.7659647910440034e-10,8.291558430709005e-05,1.073698902260316e-09,0.0026716265817128856,1.1177914489669957e-08,3.0104281262400667e-07,2.296907820222304e-06,1.1905065749232552e-08,0.04247806720961464,4.305928361485788e-05,0.0008495832455545889,0.06651932605719721
param_learning_rate,5.645890330223642e-05,0.006445098818473622,3.589051502301528e-05,0.00019877165111416997,0.0036660343522134293,3.411212689341881e-05,0.00013302354959001113,2.564030135890089e-05,0.00474133003481517,0.0008137886532752677,0.0005868916857166472,1.75606980719023e-05,0.0024564563698007877,0.0001530393265235047,0.00017460717508392567,0.00023940823341685625,2.09021240056553e-05,0.003820717239326893,1.710544228377341e-05,0.0001277323323524677,0.00010958238566929364,0.0055823206080808105,4.6194933411000834e-05,4.199907707335036e-05,4.4499891249414895e-05,0.0006156229318886584,9.129529334634071e-05,2.8775659056894777e-05,0.0004153465377754946,0.0003195489595775346,0.00047565510926577,0.0002175029624027905,1.3929247040825683e-05,0.0023496690583008355,0.0019372266272720139,3.479786998054404e-05,1.6747605018422047e-05,2.1749803513521766e-05,1.1607721655168068e-05,0.00015040641856226225,3.066831981468113e-05,1.1673032043330886e-05,0.0007755185133669757,0.00022579298291023882,0.004782096437534401,1.0365530050532816e-05,6.596972960037882e-05,0.004634308795673946,0.0016680369199905906,0.0009047611352164008,0.00034402737964665467,0.000653287195688596,0.00011008427850349583,0.0016268275361996378,0.007142594671161996,1.7746200664378705e-05,0.0020175479945203885,0.0008529205735858782,0.0014884152493925967,0.002996362235775243,1.1205936250645415e-05,0.0006249937687020666,8.473944982255491e-05,0.00010221559908549865,0.0030267279142798327,0.0003369756534064874,1.9401309712599753e-05,0.00037436099685068806,0.005312336564236045,0.003920623175893326,0.007008321871426712,3.522776949613061e-05,0.00016019104246845414,0.000373214703833006,0.0017619982304472846,0.0005789940772748463,2.7180722546146796e-05,6.89343799964354e-05,0.00011137896076878033,0.0016706349201545136,0.006962672164879781,0.00943793196813703,0.0022347881315438697,1.8414056691020283e-05,0.00020995102417101176,0.00040801594210009863,6.994005719834809e-05,0.002754653610369287,0.0036678499764293275,5.8864426736459684e-05,0.0006383833379778075,5.370532420470774e-05,0.004336773441079752,0.0022120181732534633,0.001404059941833786,0.0006647407994701778,0.0001577803953516871,5.736253263465347e-05,0.0006161879181743922,0.0013580314996376889
params,"{'lambd': 0.06744142880191764, 'learning_rate': 5.645890330223642e-05}","{'lambd': 6.820304610282642e-06, 'learning_rate': 0.006445098818473622}","{'lambd': 3.691112355585648e-10, 'learning_rate': 3.589051502301528e-05}","{'lambd': 7.466755475326415e-08, 'learning_rate': 0.00019877165111416997}","{'lambd': 4.095977201171908e-10, 'learning_rate': 0.0036660343522134293}","{'lambd': 6.191832679708118e-10, 'learning_rate': 3.411212689341881e-05}","{'lambd': 1.6860774438140667e-09, 'learning_rate': 0.00013302354959001113}","{'lambd': 1.831006992809021e-09, 'learning_rate': 2.564030135890089e-05}","{'lambd': 5.449324741070693e-05, 'learning_rate': 0.00474133003481517}","{'lambd': 1.425652653940952e-06, 'learning_rate': 0.0008137886532752677}","{'lambd': 5.47897399260698e-08, 'learning_rate': 0.0005868916857166472}","{'lambd': 1.190636532404028e-06, 'learning_rate': 1.75606980719023e-05}","{'lambd': 3.8283900696046246e-07, 'learning_rate': 0.0024564563698007877}","{'lambd': 1.4067991488813715e-07, 'learning_rate': 0.0001530393265235047}","{'lambd': 0.0007444730319858687, 'learning_rate': 0.00017460717508392567}","{'lambd': 9.717664044917822e-05, 'learning_rate': 0.00023940823341685625}","{'lambd': 0.017070473871111536, 'learning_rate': 2.09021240056553e-05}","{'lambd': 6.015665413792043e-07, 'learning_rate': 0.003820717239326893}","{'lambd': 0.0753733762767629, 'learning_rate': 1.710544228377341e-05}","{'lambd': 7.153617906973024e-08, 'learning_rate': 0.0001277323323524677}","{'lambd': 5.457746877881215e-07, 'learning_rate': 0.00010958238566929364}","{'lambd': 6.399632076201906e-09, 'learning_rate': 0.0055823206080808105}","{'lambd': 2.2930834566764687e-06, 'learning_rate': 4.6194933411000834e-05}","{'lambd': 8.820183032817639e-09, 'learning_rate': 4.199907707335036e-05}","{'lambd': 0.00013769790540332953, 'learning_rate': 4.4499891249414895e-05}","{'lambd': 0.00022180280619233942, 'learning_rate': 0.0006156229318886584}","{'lambd': 4.067002866847691e-06, 'learning_rate': 9.129529334634071e-05}","{'lambd': 2.873125417520549e-09, 'learning_rate': 2.8775659056894777e-05}","{'lambd': 0.050538880663390136, 'learning_rate': 0.0004153465377754946}","{'lambd': 0.013612155532378082, 'learning_rate': 0.0003195489595775346}","{'lambd': 7.723660523814535e-08, 'learning_rate': 0.00047565510926577}","{'lambd': 5.6130957488634995e-05, 'learning_rate': 0.0002175029624027905}","{'lambd': 8.155628924823493e-09, 'learning_rate': 1.3929247040825683e-05}","{'lambd': 0.0008575593307149977, 'learning_rate': 0.0023496690583008355}","{'lambd': 3.821755290369136e-06, 'learning_rate': 0.0019372266272720139}","{'lambd': 0.00017352517801020733, 'learning_rate': 3.479786998054404e-05}","{'lambd': 0.058451216362974734, 'learning_rate': 1.6747605018422047e-05}","{'lambd': 4.332011498882781e-08, 'learning_rate': 2.1749803513521766e-05}","{'lambd': 0.00011367014328293353, 'learning_rate': 1.1607721655168068e-05}","{'lambd': 1.249347130180642e-07, 'learning_rate': 0.00015040641856226225}","{'lambd': 2.458760789783302e-07, 'learning_rate': 3.066831981468113e-05}","{'lambd': 1.7655112408030807e-09, 'learning_rate': 1.1673032043330886e-05}","{'lambd': 0.00010892041119939771, 'learning_rate': 0.0007755185133669757}","{'lambd': 4.66106987003282e-10, 'learning_rate': 0.00022579298291023882}","{'lambd': 0.012649157277618587, 'learning_rate': 0.004782096437534401}","{'lambd': 1.7637697863854557e-08, 'learning_rate': 1.0365530050532816e-05}","{'lambd': 5.637859095254741e-07, 'learning_rate': 6.596972960037882e-05}","{'lambd': 0.07546923548046316, 'learning_rate': 0.004634308795673946}","{'lambd': 5.407176796396551e-07, 'learning_rate': 0.0016680369199905906}","{'lambd': 0.006783105916099534, 'learning_rate': 0.0009047611352164008}","{'lambd': 1.0958441843843233e-10, 'learning_rate': 0.00034402737964665467}","{'lambd': 6.52634017373234e-10, 'learning_rate': 0.000653287195688596}","{'lambd': 1.2520649364855182e-09, 'learning_rate': 0.00011008427850349583}","{'lambd': 2.2163779101678463e-10, 'learning_rate': 0.0016268275361996378}","{'lambd': 8.279311868640194e-05, 'learning_rate': 0.007142594671161996}","{'lambd': 0.0002796660344287765, 'learning_rate': 1.7746200664378705e-05}","{'lambd': 1.0385578126609038e-06, 'learning_rate': 0.0020175479945203885}","{'lambd': 1.7014255506817413e-10, 'learning_rate': 0.0008529205735858782}","{'lambd': 4.596327552312108e-07, 'learning_rate': 0.0014884152493925967}","{'lambd': 0.002597431318946716, 'learning_rate': 0.002996362235775243}","{'lambd': 5.78696197252695e-07, 'learning_rate': 1.1205936250645415e-05}","{'lambd': 0.02517286203050643, 'learning_rate': 0.0006249937687020666}","{'lambd': 1.2659707645702341e-10, 'learning_rate': 8.473944982255491e-05}","{'lambd': 1.723198978791397e-08, 'learning_rate': 0.00010221559908549865}","{'lambd': 2.2567740761989494e-05, 'learning_rate': 0.0030267279142798327}","{'lambd': 0.06286413304745508, 'learning_rate': 0.0003369756534064874}","{'lambd': 2.741260834650801e-10, 'learning_rate': 1.9401309712599753e-05}","{'lambd': 1.597171259583784e-08, 'learning_rate': 0.00037436099685068806}","{'lambd': 1.9269148725010877e-07, 'learning_rate': 0.005312336564236045}","{'lambd': 0.001872300228964002, 'learning_rate': 0.003920623175893326}","{'lambd': 3.6408979791908002e-06, 'learning_rate': 0.007008321871426712}","{'lambd': 1.9072353329779805e-07, 'learning_rate': 3.522776949613061e-05}","{'lambd': 2.380044779857308e-10, 'learning_rate': 0.00016019104246845414}","{'lambd': 3.074258016079217e-07, 'learning_rate': 0.000373214703833006}","{'lambd': 0.014386066180482536, 'learning_rate': 0.0017619982304472846}","{'lambd': 2.382333521402063e-06, 'learning_rate': 0.0005789940772748463}","{'lambd': 7.882837066509961e-09, 'learning_rate': 2.7180722546146796e-05}","{'lambd': 6.415287174164856e-07, 'learning_rate': 6.89343799964354e-05}","{'lambd': 0.04176441471337639, 'learning_rate': 0.00011137896076878033}","{'lambd': 5.170203294632547e-06, 'learning_rate': 0.0016706349201545136}","{'lambd': 1.0254761759381046e-10, 'learning_rate': 0.006962672164879781}","{'lambd': 1.2442777529707487e-05, 'learning_rate': 0.00943793196813703}","{'lambd': 0.00412111403608371, 'learning_rate': 0.0022347881315438697}","{'lambd': 0.029223668610573524, 'learning_rate': 1.8414056691020283e-05}","{'lambd': 3.1401460599412234e-09, 'learning_rate': 0.00020995102417101176}","{'lambd': 0.0008393175605695857, 'learning_rate': 0.00040801594210009863}","{'lambd': 1.7784164998966916e-08, 'learning_rate': 6.994005719834809e-05}","{'lambd': 3.5758971531368765e-10, 'learning_rate': 0.002754653610369287}","{'lambd': 3.7659647910440034e-10, 'learning_rate': 0.0036678499764293275}","{'lambd': 8.291558430709005e-05, 'learning_rate': 5.8864426736459684e-05}","{'lambd': 1.073698902260316e-09, 'learning_rate': 0.0006383833379778075}","{'lambd': 0.0026716265817128856, 'learning_rate': 5.370532420470774e-05}","{'lambd': 1.1177914489669957e-08, 'learning_rate': 0.004336773441079752}","{'lambd': 3.0104281262400667e-07, 'learning_rate': 0.0022120181732534633}","{'lambd': 2.296907820222304e-06, 'learning_rate': 0.001404059941833786}","{'lambd': 1.1905065749232552e-08, 'learning_rate': 0.0006647407994701778}","{'lambd': 0.04247806720961464, 'learning_rate': 0.0001577803953516871}","{'lambd': 4.305928361485788e-05, 'learning_rate': 5.736253263465347e-05}","{'lambd': 0.0008495832455545889, 'learning_rate': 0.0006161879181743922}","{'lambd': 0.06651932605719721, 'learning_rate': 0.0013580314996376889}"
split0_test_score,-0.005989562049671715,-1.0,-0.05861146539130768,0.026578627142996192,-1.0,-0.12328293527892775,0.08578656149764341,0.06932552832298866,-1.0,0.007612997308256819,0.004888633466114789,-0.1503028503494832,0.027963142554791376,-0.09374713737651486,0.0408744923355403,0.03882851868353521,0.0015793637779998315,-1.0,-0.025355139634387402,-0.06515653784145736,-0.13549363273984483,-1.0,-0.0921255218934185,-0.18669117417221837,-0.20292132394879836,0.04531024550607843,0.1373298121580142,0.0820737605864027,-0.0011397662661054575,0.03802074022021196,0.03894698113885897,-0.003764530627823337,-0.24136407936608384,-1.0,-1.0,0.07448299626526778,-0.014236798967359077,-0.07853446413973142,0.1295102511817997,0.08332265197763267,-0.20556800757465954,-0.08579452546806499,-0.0013281472170634245,0.11240085285891599,-1.0,-0.5637780018276948,0.025883763069750043,-1.0,-0.0022473803823797045,0.011774975830910583,-0.07008458212394553,0.03659126580575833,0.08550495578105066,-1.0,-1.0,-0.0972549276334791,-1.0,0.002696292864300731,-1.0,-1.0,0.08963538912790914,0.0019624222867334895,0.013894809517467355,0.05839272820616159,-1.0,-0.0017529074108215692,-0.22428985861573336,-0.004951952117053793,-1.0,-1.0,-1.0,-8.011348810543772e-05,0.045242671534248546,0.03165462993737156,-1.0,0.04638903385686033,-0.3197694504920756,0.03287941458837562,-0.0015086904723846661,-0.0025398779087777434,-1.0,-1.0,-1.0,-0.002649037187585801,-0.010084322168190774,0.04630345395406654,0.026541899211632303,-1.0,-1.0,-0.06601567826265797,-0.014361086607477258,-0.22807793787456299,-1.0,-1.0,0.00025770887376996843,0.033075508937827625,-0.0015906078921563704,0.05741809839454748,0.0015761473605783172,-0.0009362782051434149
split1_test_score,-0.0019074232174862704,-1.0,0.09923687039453533,0.12398410695748874,-1.0,-0.06265626128679092,-0.008093135221137526,-0.3888737438288179,-1.0,0.006974231235218009,0.0666815955561878,0.02469527193015253,-1.0,-0.001664096257238068,-0.09069154666746959,-0.009565901469482219,0.0413234687122398,-1.0,-0.0014684013070878077,0.019683300332792864,0.024616326114629716,-1.0,-0.2492550693549176,-0.01641372576543154,-0.07026999449625704,-0.017928639260836654,0.14665892599918529,0.04229412566713642,-0.010626336524672153,0.05728128447666403,-0.021203243778412872,0.10376660053399533,0.10091319673120447,-1.0,-1.0,0.11309300801618882,-0.0001273548255231738,-0.662420626462707,-0.06264277849393252,-0.02847758867995931,-0.6639482339609248,-0.6119735905916737,-0.002691886322699899,0.009766340589082434,-1.0,0.16640517733764348,-0.17826739622558962,-1.0,-0.016973437077796527,-0.009306980435918488,0.03894023307973793,0.02375184894932625,0.17597752051450455,-1.0,-1.0,0.06804870578227173,-1.0,0.007050993740092437,-0.014685933004761953,-1.0,-0.13071406982213896,-0.005655896573827812,-0.07034710643763309,-0.022781697401822898,-1.0,-0.009428772074565828,-0.06572831727803341,0.013725259762546571,-1.0,-1.0,-1.0,-0.04793625365275789,0.06326581597541836,0.034307102418221325,-0.005562614739135441,0.011705855080461403,-0.05038863893642187,-0.12762017759937527,-0.007416759757824076,-0.01199645574156949,-1.0,-1.0,-1.0,-0.00010278362398796759,0.06460509506857481,-0.07920610120666938,0.09885589522331517,-1.0,-1.0,-0.42879508050741433,-0.08623950819892512,0.08525424576918472,-1.0,-1.0,0.058881034805220445,-0.008085516658190794,-0.008039843113335943,-0.011046959097294806,0.025221698188552355,-0.011972915100646242
split2_test_score,-0.11678745905203836,-1.0,-0.4824713063676067,-0.07699050808521113,-1.0,-0.07806553975215369,-0.1486697889620361,-0.38002662776077023,-1.0,-0.05615748566212497,-0.06217561283855311,-0.13653144703882192,-1.0,-0.06112123937465008,-0.08063114597221732,-0.22582081337447613,-0.06009510096442083,-1.0,-0.14782192698207397,-0.0867135608825742,-0.07974374880118318,-1.0,-0.10303917663922024,-0.17367628852842376,-0.05725507690243292,-0.060866310471717755,-0.11481496198475405,-0.24449676997403635,-0.06099626155603999,-0.06276555843264742,-0.06262836654941184,-0.08521153852624463,-0.31818019577173806,-1.0,-1.0,-0.4757033078350801,-0.14575223735756104,-0.2284860602079022,-0.14887784756821576,-0.07112928098804083,-0.4211992670973952,-0.1316441359771876,-0.0526750846107884,-0.07533825426814933,-1.0,-0.35890824624589523,-0.158011626438203,-1.0,-1.0,-0.060302003774771906,-0.08040394824584896,-0.05716113866483297,-0.0336348263066113,-0.056858334944720035,-1.0,-0.34375825882959443,-0.05681597123785731,-0.056741871729554916,-0.05701699151530826,-1.0,-0.30541528220625946,-0.04905842578305686,-0.10795107709585161,-0.08589173555653362,-1.0,-0.05871946494490876,-0.2279144561062305,-0.08490696025012379,-1.0,-1.0,-1.0,-0.5832225395644994,-0.14039192636773556,-0.10165073430526372,-0.05733830294043929,-0.052953027447148804,-0.09494506172761907,-0.0641805561688571,-0.06934363540162614,-1.0,-1.0,-1.0,-0.05623969438487797,-0.11543271222118623,-0.0633689835302147,-0.0638639531611247,-0.29198746855200586,-1.0,-1.0,-0.12285920142104167,-0.05569199190905483,-0.18283454254171083,-1.0,-1.0,-0.05703845031239485,-0.04692379569142502,-0.0674577820855995,-0.17082190876078185,-0.05661205854667051,-0.058919164065875274
split3_test_score,-0.01488316231861564,-1.0,-0.049134114940108775,-0.011574634953777752,-1.0,-0.03655672141387645,-0.07667918530862661,-0.17406642798611704,-1.0,-0.027412767917104786,-0.02938754754778583,-0.04905290010433205,-1.0,-0.021291621072728528,-0.0009801889721732238,-0.017581946559900308,-0.05155722091749482,-1.0,-3.740631839632691e-05,-0.01769379072140187,-0.08019686423903005,-1.0,0.000532421345123435,-0.020694736847295392,-0.03099221089671489,-0.03055269120828119,-0.018201198957620957,-0.06807514347134402,-0.03136999996328105,-0.008789037388461374,-0.005921563526758433,-0.011535701789024966,-0.2242300104858701,-1.0,-0.03480774969077105,-0.06512296815007157,-0.0020806836391964456,-0.12789185830914085,0.026380415084540476,-0.007328240703165623,-0.07554517640081948,-0.22440893884167545,-0.04482257769565501,-0.027143153073174275,-1.0,-0.047090998236612114,-0.15785648044865397,-1.0,-0.03472307792554341,-0.033297161358116334,0.0008091199848099251,-0.04099496604654229,-0.023807380778394727,-0.035526019791225494,-1.0,-0.016373283856162102,-1.0,-0.03510260735774451,-0.02484793435842092,-1.0,-0.46027609384065515,-0.028892200263737067,-0.0663298500624987,-0.042130064087247066,-1.0,-0.031072804374199015,-0.16762086990007674,-0.01708653085819667,-1.0,-1.0,-1.0,-0.17830008489259508,-0.02859788498396898,-0.03184604774350408,-1.0,-0.02311582016807967,-0.07939313833763562,-0.09025552430988615,-0.02557590288596301,-0.035712947092483294,-1.0,-1.0,-1.0,-0.006600155342131098,-0.002301103037902097,-0.044063070524791303,-0.05775922896904384,-1.0,-1.0,-0.06442801051003189,-0.05614651414055394,-0.04131174173052132,-1.0,-1.0,-0.0348104205932227,-0.029373553356952353,-0.027567254776284855,-0.026999881871514697,-0.014080704193590199,-0.033626329054711634
split4_test_score,-0.007209324494988012,-1.0,-0.029792559627871196,0.0349181502911583,-1.0,-0.44297315155084926,0.020691032690267064,-0.21108307595835418,-1.0,0.0024880362971876346,-0.0004648310185846327,-0.15727865944416752,-1.0,-0.08410810699872018,0.019219283626614847,-0.0028780472071525676,-0.011109786800301835,-1.0,-0.051353787710363585,0.0016054310724417098,-0.019953686461323228,-1.0,-0.09015978661212043,-0.1379162208443212,-0.2508272446637141,0.01902327580059071,0.03267389487336658,-0.18363268881764472,-0.003145946070976402,0.020182927470545287,0.009550946511154734,-0.017026004392090233,-0.022177658977636572,-1.0,-1.0,-0.07620467641893769,-0.030526529682673775,0.032812408709058105,-0.5143882687827728,-0.16269758629425657,-0.10069277069156057,0.049052768972595695,0.012414923202843986,0.019717248466887938,-1.0,-0.0032613521049891236,0.031017784494742795,-1.0,-1.0,-0.005625190003803349,-0.0200434804434082,0.002489876766524901,-0.0604799205228328,-1.0,-24467370.552706547,-0.004237876995073053,-1.0,0.006467640072133518,-0.0025670018758336965,-1.0,0.041023952392472474,-0.0012231111053562227,-0.02041710592190027,-0.004380181310196685,-1.0,-0.0036068951958938555,-0.17802404569816388,-0.015005968881856457,-1.0,-1.0,-1.0,-0.08646697689121008,0.0015670137158868558,0.02410765693955097,0.00993324996454803,-0.009834030506961966,-0.1514458888126835,-0.02997695672168388,-0.005039008949143664,-1.0,-1.0,-1.0,-1.0,-0.02028589942322445,-0.00961490622580885,0.021518046025314375,-0.1354912069818628,-1.0,-1.0,-0.027159522056108054,-0.006421728742434629,0.006417851113697637,-1.0,-1.0,-1.0,-0.021351454708005813,-0.003461889023899989,-0.07016431812488078,-0.051309898589992686,-1.0
mean_test_score,-0.029355386226559997,-1.0,-0.10415451518647181,0.01938314827053087,-1.0,-0.14870692185651962,-0.02539290306077795,-0.2169448694422141,-1.0,-0.013298997747713459,-0.004091552476524196,-0.09369411700133043,-0.7944073714890417,-0.052386440215970345,-0.022441821129940996,-0.0434036379854952,-0.01597185523839557,-1.0,-0.04520733239046182,-0.029655031608039773,-0.05815432122535032,-1.0,-0.10680942663091067,-0.10707842923153806,-0.12245317018158346,-0.009002823926833292,0.03672929441763821,-0.0743673432018972,-0.02145566207621501,0.008786071269262497,-0.008251049240913888,-0.002754234960237567,-0.14100774957402482,-1.0,-0.8069615499381542,-0.08589098962452654,-0.0385447208944627,-0.2129041200820847,-0.11400364571571617,-0.03726200893755793,-0.29339069114507194,-0.2009536843812012,-0.01782055452867255,0.00788060691471255,-1.0,-0.16132668421550955,-0.08744679110959075,-1.0,-0.41078877907714395,-0.0193512719483399,-0.026156531549730966,-0.007064622637953155,0.028712069737543276,-0.6184768709471891,-4893474.910541309,-0.0787151283064074,-0.8113631942475715,-0.015125910482154548,-0.21982357215086495,-1.0,-0.1531492208697344,-0.016573442287848895,-0.050230066000083264,-0.019358190029927735,-1.0,-0.020916168800077805,-0.1727155095196476,-0.02164523046893683,-1.0,-1.0,-1.0,-0.17920119369783358,-0.011782862025230156,-0.00868547855072479,-0.41059353354300543,-0.005561597836973742,-0.13918843566128714,-0.055830760042285356,-0.02177679949338831,-0.41004985614856615,-1.0,-1.0,-0.8112479388769757,-0.02901411755962311,-0.004152843978708321,-0.023862324982640893,-0.07196802201359301,-1.0,-1.0,-0.1418514985514508,-0.04377216591968915,-0.07211042505278256,-1.0,-1.0,-0.20654202544532546,-0.014531762295349271,-0.02162347537825533,-0.04432299389198493,-0.019040963156224545,-0.22109093728527532
std_test_score,0.0439172246081939,0.0,0.19754633101152066,0.06554500399535207,0.0,0.14980759763205623,0.08076058170348575,0.1673193711112466,0.0,0.025034353553684274,0.042699603664069594,0.07083991139365292,0.41118525702191655,0.03558907721097422,0.05338394405964977,0.09326545891794415,0.03695299232533371,0.0,0.05461695672059512,0.04017609119131434,0.055215242005359384,0.0,0.08039909926617378,0.07403602390188649,0.08751458053947195,0.037334327295324245,0.0981880390737624,0.12570302037499076,0.022481141953307734,0.041868508598481735,0.03368870317832188,0.060708670823010236,0.15558518440048,0.0,0.38607690012369156,0.20870707964773316,0.054688459611762386,0.23998616125839886,0.22053058632949568,0.0804921526000562,0.2217881445052861,0.22363192274948793,0.025919134771927994,0.06200030081737289,0.0,0.26322923505778173,0.09493468579515615,0.0,0.4811988643683581,0.02501834002047296,0.04443998282445277,0.036353016649587046,0.08889677626678721,0.4673171875400609,9786947.821082618,0.142523383853583,0.37727361150485705,0.026102429339622958,0.3905070060637466,0.0,0.20720173435798545,0.019521422581920855,0.042417981407664666,0.04738467550361015,0.0,0.021591888610800383,0.058663843041364724,0.03345637491665668,0.0,0.0,0.0,0.21030860217321873,0.0719520272929806,0.052402341263204456,0.48176385173340447,0.033374796079406674,0.0961021390943113,0.05467434168339683,0.025196022232511127,0.4818135236547191,0.0,0.0,0.3775041222460488,0.04376693658542955,0.040749603353722956,0.04909938604654499,0.13530015296615708,0.0,0.0,0.14669495164305454,0.029525408208561706,0.11701673719984185,0.0,0.0,0.39865628089727284,0.026922247867278357,0.024705409322681542,0.07540342706068562,0.03118244380168928,0.3899590779721365
rank_test_score,34,81,53,3,81,61,31,69,81,15,7,52,77,43,29,38,18,81,41,35,45,81,54,55,57,13,1,48,25,4,11,6,59,81,78,50,37,68,56,36,72,66,20,5,81,63,51,81,75,22,32,10,2,76,100,49,80,17,70,81,62,19,42,23,81,24,64,27,81,81,81,65,14,12,74,9,58,44,28,73,81,81,79,33,8,30,46,81,81,60,39,47,81,81,67,16,26,40,21,71
split0_train_score,-0.003177116663540591,-1.0,-0.18930120748509083,0.017737383281601682,-1.0,-0.001064338611120652,0.0033326767680333935,-0.009034167303924034,-1.0,0.0005699019581011378,0.003609915330015867,-0.09193315136294178,0.02848490086902189,-0.01318922302890324,0.03353205620675115,0.019324097028285747,0.0007422917012129826,-1.0,-0.024922113027534776,-0.05393081307010816,-0.05303725389607861,-1.0,-0.032723918012162345,-0.0887442210515057,-0.11672293084122498,0.03397197525332718,-0.02609932444697516,0.014258402529965242,0.00019267775416520472,0.02304695828101211,0.009515351795105209,0.01810047584569474,-0.19398021006579413,-1.0,-1.0,-0.37347620545300453,-0.011818621478452807,-0.02556100365146663,-0.13223586682297905,0.015084342395709549,-0.08532203181059206,-0.02735176266911421,0.0006121115608250793,-0.019749267240871005,-1.0,-0.5078549927564444,0.0023903312596312842,-1.0,-0.0011105713228887204,0.0019659232931815707,-0.0350052290484244,0.031427373192532304,0.032410959807007145,-1.0,-1.0,-0.1894229172787243,-1.0,-0.0005279887794424898,-1.0,-1.0,-0.025116176896722076,0.0020073756420614375,0.020779887334991032,0.030220151505337522,-1.0,-0.00012740624600371397,-0.5309157456236411,-0.03961584376437188,-1.0,-1.0,-1.0,-0.13632715556895203,0.014597713202315288,0.019149359922572495,-1.0,0.03072532125496774,-0.2075524734880967,0.012570368171936352,4.974981062366712e-05,-0.0005681467830997988,-1.0,-1.0,-1.0,-0.0009331239776426692,-0.011988395201991242,0.02184360773289895,0.04337030183458834,-1.0,-1.0,-0.0056638020693309254,0.004049311671433742,-0.2695623614874303,-1.0,-1.0,-8.299001153844188e-06,0.021496384662854195,8.93420788820043e-05,0.0015627752698909037,0.001968745912582448,0.00012629295426680454
split1_train_score,-0.0036433803321662683,-1.0,0.007123628763073597,0.023066611480506705,-1.0,-0.06175662155169892,-0.00783948840735893,-0.19391449855657794,-1.0,0.013818817252843285,-0.016895611316152026,-0.01650081831391015,-1.0,0.009358811355563934,0.011275908029215853,0.015828271549198636,0.012146137067654661,-1.0,-0.0174498030037753,0.04127332040684606,-0.029917919764298473,-1.0,-0.07328698548016832,0.012535078751751305,0.01584988666924736,0.00030186408971311085,0.014346920150826392,0.017926403302602312,0.0002013529374375045,0.028162686337596887,0.01940558526153735,0.015296111758818065,0.0034768087874745834,-1.0,-1.0,0.0034500519418844133,-0.012355912864172813,-0.28111585055254484,-0.04887464204690928,-0.0038325851691054513,-0.3885470502392274,-0.3448750735084576,0.004860742366791682,0.015732642591218093,-1.0,-0.025208866324500923,-0.11829200271835338,-1.0,-0.001737019807578788,0.00047176564901685314,0.03940963581985768,0.013817488287051316,0.00011171693950340345,-1.0,-1.0,0.015849923171880165,-1.0,0.002658513928195938,0.0002059175167213878,-1.0,-0.10038569677955644,0.003346824484562805,-0.044463808601252985,-0.013421287625588807,-1.0,-8.343066960025958e-05,-0.27978935923965387,0.028605249293350954,-1.0,-1.0,-1.0,-0.014687208296873422,0.028519352628063488,0.023095599577080073,0.003269441320586375,0.01514861645284693,-0.023046413998009996,-0.07643291357886128,-6.954604373210493e-05,0.0002530686806481164,-1.0,-1.0,-1.0,-0.011001819402534974,0.04086476946842199,-0.006745171806836758,0.03203690926194869,-1.0,-1.0,-0.12250481081218267,-0.02812967900467478,-0.02713834799466386,-1.0,-1.0,0.031068748804345292,-0.0025166930934648057,-0.00014862383045599614,-0.11415101640382708,0.024487879637084542,2.2849498617527608e-05
split2_train_score,-0.00744392378244596,-1.0,-0.11184971244771469,0.046782912655764064,-1.0,0.05080521603158372,-0.023665541559173553,-0.3083848894047283,-1.0,0.002546015756853315,-0.013445857380677939,-0.07644784998215282,-1.0,0.0384590897655096,-0.0185980482914192,0.040733852541839366,0.025050705364953352,-1.0,-0.015127792686535413,0.018177202696990302,-0.03820582357261948,-1.0,0.0018360523231338854,-0.10805012645106227,-0.0017498149971959531,0.014925057389135521,0.015908029819410863,-0.23384898378464247,0.0004439506217192024,0.04649148357693422,0.002542753556618149,0.045578590805982144,-0.29045607750100166,-1.0,-1.0,-0.23229983035327217,-0.014614395319658913,-0.2149862348116991,-0.08179306318483404,0.05247623200359319,-0.303148354250941,-0.0076900055005271195,0.0012589223573670205,0.06413043184737666,-1.0,-0.3157953642475817,-0.07076947816713619,-1.0,-1.0,-0.0013733797184807273,0.053403875735945294,-0.001243778998397893,0.0070675486991762515,0.00022673065130696113,-1.0,-0.24220391087201887,5.4193365829902085e-05,-0.0005910536424051926,-0.0002755676598471535,-1.0,-0.1628590420273941,0.0031488973038770185,-0.061784296860776244,0.05422578053687732,-1.0,9.74970290869015e-05,-0.17174261393298118,0.044066070279012104,-1.0,-1.0,-1.0,-0.5200475989059947,0.059533005057777366,0.05812723114450813,0.002047428213618918,0.03338242175852835,0.028504395485885903,0.022787099503268293,0.00016357496477614752,-1.0,-1.0,-1.0,-0.00015609028744134612,-0.004982549357748001,0.03566379935113628,0.0023372017539690093,0.014548246352923733,-1.0,-1.0,-0.0835243119909801,0.012657436216094609,-0.09655432273823039,-1.0,-1.0,-0.0002635125888694745,0.011391260196779163,8.210158137134105e-05,-0.1629508135922373,-0.0010764435253580729,-3.0511602977512098e-06
split3_train_score,-0.004530395829180245,-1.0,-0.016507681683425757,0.032994439745194226,-1.0,0.009918151107943696,-0.010941528877789208,-0.09463712383233847,-1.0,0.011617639504096111,0.028576472209503434,0.011413801183992045,-1.0,0.038876676980793,0.03812192472281217,0.05188500745407165,-0.0033460283744519703,-1.0,-0.0409829599035747,0.010013245459860487,-0.01521601581755161,-1.0,0.03637055217786578,0.00541291895181828,-0.006363002874810952,0.002953772887522077,0.022011300558870905,-0.00853548855416042,0.000200460349278897,0.04511170745491033,0.0440435151948142,0.03645356852390258,-0.2936113977430377,-1.0,7.05955975380812e-05,-0.030146498694902935,-0.02199636806659888,-0.06767692100368561,0.0010972354669399609,0.03080344529812762,-0.043903739069966585,-0.23392937049970852,-0.014779271691652163,0.03423026222875436,-1.0,0.04610792156020638,-0.1457825044956007,-1.0,0.0004950812811752581,-0.0009944847923861744,0.03648327690341813,-0.009319041350492219,0.016447042564656678,-0.00023660284788706853,-1.0,-0.004946752954320122,-1.0,-3.2516016529315905e-05,0.0139223074287802,-1.0,-0.6604209946638866,0.0016462459471522362,-0.07018622489616555,-0.019754637942584585,-1.0,-9.63270588574261e-05,-0.15248076813960076,0.048400086450908986,-1.0,-1.0,-1.0,-0.14002782734838992,0.015614713737851948,0.011972524793006256,-1.0,0.01475189964883783,-0.029158798099394145,-0.03815088007315537,-0.0003244308000265317,-0.0007058469709493309,-1.0,-1.0,-1.0,-0.008549701086983497,0.04613457161925871,0.00928716499616522,-0.07000427120701924,-1.0,-1.0,-0.08420161229900569,-0.038517266904143366,-0.013940225248489924,-1.0,-1.0,-0.0003028449881192774,0.009618353913813937,-0.00010944547581082098,0.018587838102830934,0.021319110264676033,3.682306833896476e-07
split4_train_score,-0.0011086514206906095,-1.0,0.0015276818731786435,0.019740413428750214,-1.0,-0.40067063080567666,0.05193047127730732,-0.02372000862590351,-1.0,0.015942413901164465,0.009017790024159145,-0.09380732317676843,-1.0,0.06127707674637428,0.04257729172829894,0.0566831074736982,0.004884432219171897,-1.0,-0.028129721592262236,0.02047228801323331,-0.012139502331824481,-1.0,-0.029713971201861256,-0.10684746748782548,-0.22294884131563686,0.021335969247120223,-0.014350067758356122,-0.20196302590457038,1.6273368977026692e-05,0.04666095486524102,0.049328956822286996,0.05096774671718096,-0.03534233663470654,-1.0,-1.0,-0.0484568743831022,-0.014046611800678788,0.04010246806360618,-0.6146166971329281,0.03220117838939307,-0.046382690806883176,0.014698410942205031,0.014406354735094329,0.04254671249984565,-1.0,0.025214877923179224,0.0449170519601676,-1.0,-1.0,-0.002314373358925259,0.010640261110856475,0.0529592382037849,-0.03186684718928823,-1.0,-1.0,0.05836881845587294,-1.0,0.007911170707233572,-0.0007357477250919953,-1.0,0.017385546048207745,0.003029103913189002,0.005045882229599896,0.005782336643246344,-1.0,-2.1488384895462787e-05,-0.12518544918555907,0.055418817541124876,-1.0,-1.0,-1.0,-0.05710478003164532,0.053153937569226706,0.041630861905869176,0.014193946821894565,-0.001515433760953977,-0.20060013361898177,-0.013706225891717994,-0.00019130448572668435,-1.0,-1.0,-1.0,-1.0,-0.007763042306072387,0.03418618860090894,0.03384981077265348,-0.12656429509526124,-1.0,-1.0,0.022343126068719354,0.022118250053240973,-0.02611901290254859,-1.0,-1.0,-1.0,0.04922993367074202,0.00036636520724542265,-0.0931199807363654,-0.04984102427152082,-1.0
mean_train_score,-0.003980693605604735,-1.0,-0.061801458195995806,0.02806435211836338,-1.0,-0.08055364476579377,0.002563317840203805,-0.12593813754469446,-1.0,0.008898957674611662,0.002172541773369696,-0.05345506833035622,-0.7943030198261957,0.026956486363867514,0.021381826479131782,0.03689086720941872,0.007895507595708184,-1.0,-0.025322478042736483,0.007201048701364399,-0.02970330307647453,-1.0,-0.019503654038638452,-0.05713876345736477,-0.06638694067192427,0.014697727773363622,0.002363371664755376,-0.08243253848216114,0.00021094300631556705,0.037894758103138915,0.02496723252607238,0.033279298730315696,-0.1619826426314131,-1.0,-0.7999858808804924,-0.13618587138847948,-0.01496638190591244,-0.109847508391158,-0.1752846067441421,0.025346522583543595,-0.17346077323552206,-0.11982956024712048,0.0012717718656851894,0.02737815638526475,-1.0,-0.15550728476902828,-0.05750732043225828,-1.0,-0.40047050196985845,-0.0004489097855187474,0.020986364104330635,0.01752825586689568,0.00483408416421105,-0.600001974439316,-1.0,-0.07247096789546204,-0.799989161326834,0.0018836252394105024,-0.19737661808788753,-1.0,-0.1862792728638703,0.0026356894581684998,-0.03012171215872077,0.01141046862345756,-1.0,-4.623106605399219e-05,-0.25202278722428717,0.027374875960005006,-1.0,-1.0,-1.0,-0.17363891403037107,0.034283744439046956,0.030795115468607227,-0.3960978367287801,0.018498565070845373,-0.08637068474371934,-0.018586510373706,-7.439131081710126e-05,-0.4002041850146802,-1.0,-1.0,-0.8000312180574882,-0.006646047226196305,0.028972186767546936,0.01211452268976998,-0.021322621770563942,-1.0,-1.0,-0.054710282220556,-0.005564389593609764,-0.08666285407427261,-1.0,-1.0,-0.19390118155475947,0.017843847870144904,5.5947912246390175e-05,-0.07001423947194159,-0.0006283463965071733,-0.199970708095346
std_train_score,0.0020641840155649306,0.0,0.07690746076605809,0.010729416803794464,0.0,0.1640652667596193,0.026139089807166106,0.1122518957682491,0.0,0.0061796369620552875,0.016453691763328157,0.042921142061895526,0.4113939603476087,0.025975603561456652,0.022705183078565738,0.016634601907849503,0.009989753399704529,0.0,0.009156442785125863,0.03225688894743472,0.015067718902886922,0.0,0.03673957725664197,0.05445913026921954,0.09120204771253736,0.01233511987858991,0.018987197981647785,0.11144173956781861,0.00013617950763118364,0.010178454036810636,0.01860079550241415,0.01433890821704081,0.12511594153258243,0.0,0.40002823823901523,0.1442106184089644,0.003663700897982494,0.11979529671958417,0.22391810190684142,0.01881232636541379,0.14407170235714647,0.14344995472616515,0.009417741688094887,0.028228985989224326,0.0,0.2191474595368982,0.07175186588237067,0.0,0.489514326853055,0.0015040819886241762,0.031217196089103685,0.02251877629305355,0.021305362476507776,0.48989555228279175,0.0,0.11997181293190337,0.4000216773463319,0.0032417054740808745,0.40134943464999584,0.0,0.2450263201946581,0.0006778859734621888,0.03644478757614123,0.027591705129012253,0.0,7.969039395381769e-05,0.14899227823891886,0.034630588938441016,0.0,0.0,0.0,0.17964782134337584,0.018777167500393255,0.016814601006961548,0.4931021938765077,0.012624124234594827,0.09819657856592595,0.035875659651343664,0.00017219226440056489,0.48973134196989043,0.0,0.0,0.3999375638850235,0.0034423551381146055,0.020907958993961265,0.014327287786157921,0.06597703523584646,0.0,0.0,0.05410890853193424,0.023604538270927067,0.09596600985295435,0.0,0.0,0.4032312208481514,0.017448631314481242,0.00018295499585080233,0.06941575376879408,0.026613338787884765,0.4000146487319395
